{
  "2D Echo": "1450.00",
  "4D Scan": "2500.00",
  "ACTH (Adreno Corticotropic Hormone) Test": "1086.00",
  "Adenosine Deaminase Test": "677.00",
  "AEC (Absolute Eosinophil Count) Test": "92.00",
  "AFB (Acid Fast Bacilli) Culture Test": "287.00",
  "AFP (Alpha Feto Protein) Test": "568.00",
  "Alberts Stain": "152.00",
  "Albumin Test": "100.00",
  "Aldolase Test": "938.00",
  "Alkaline Phosphatase (ALP) Test": "137.00",
  "Allergy Test": "5200.00",
  "Ammonia Test": "480.00",
  "Amylase Test": "268.00",
  "ANA (Antinuclear Antibody) Test": "676.00",
  "ANC Profile": "1035.00",
  "ANCA Profile": "1386.00",
  "Anti CCP (ACCP) Test": "1185.00",
  "Anti Phospholipid (APL) Test": "660.00",
  "Anti TPO Test": "875.00",
  "Anti-Mullerian Hormone (AMH) Test": "1677.00",
  "Antithyroglobulin Antibody Test": "1110.00",
  "Antithyroid Microsomal Antibody (AMA) Test": "1336.00",
  "APTT (Activated Partial Thromboplastin Time) Test": "299.00",
  "Arterial Blood Gas (ABG)": "729.00",
  "Ascitic Fluid Test": "682.00",
  "ASO Test": "314.00",
  "Audiometry Test": "432.00",
  "Beta HCG Test": "558.00",
  "Beta Thalassemia Test": "1578.00",
  "Bicarbonate Test": "453.00",
  "Bilirubin Test": "110.00",
  "Biopsy": "883.00",
  "Bleeding / Clotting Time Test": "65.00",
  "Blood Culture Test": "679.00",
  "Blood Group Test": "54.00",
  "Blood Sugar Test": "52.00",
  "Blood Urea Nitrogen Test": "90.00",
  "Bone Density Test / Dexa Scan": "2798.00",
  "Bone Scan": "4600.00",
  "C-Peptide Test": "1225.00",
  "CA 15.3 Test": "1050.00",
  "CA 19.9 Test": "1005.00",
  "CA 27.29 Test": "1105",
  "CA-125 (Tumor Marker) Test": "941.00",
  "Calcium Test": "132.00",
  "Carbamazepine (Tegretol) Test": "710.00",
  "Cardiolipin Antibodies (ACL)": "859.00",
  "CBC / Hemogram Test": "195.00",
  "CD4 Test": "1195.00",
  "CEA (Carcinoembryonic Antigen) Test": "772.00",
  "Cerebral Spinal Fluid (CSF) Test": "405.00",
  "Chikungunya Test": "1056.00",
  "Chlamydia Test": "1031.00",
  "Chloride Test": "131.00",
  "Cholesterol Test": "118.00",
  "CK-MB Test": "325.00",
  "Color Doppler": "2590.00",
  "Complement C3": "786.00",
  "Complement C4": "786.00",
  "Coombs Test": "343.00",
  "Cortisol Test": "528.00",
  "CPK (Creatine Phosphokinase) Test": "308.00",
  "Creatinine Clearance Test": "332.00",
  "Creatinine Test": "99.00",
  "CRP (C-Reactive Protein) Test": "265.00",
  "Cryptococcal Antigen Test": "1114.00",
  "CT Scan": "3250.00",
  "Cytomegalovirus (CMV) Test": "830.00",
  "D Dimer Test": "925.00",
  "Dengue IgG Test": "705.00",
  "Dengue IgM Test": "525.00",
  "Dengue NS1 Test": "1160.00",
  "DHEA Test": "1085.00",
  "DMSA Scan": "4464.00",
  "DNA Test": "14191.00",
  "Double Marker Test": "2589.00",
  "ECG": "320.00",
  "EEG": "1605.00",
  "Electrolytes Test": "283.00",
  "Electromyography (EMG)": "2339.00",
  "ESR (Erythrocyte Sedimentation Rate) Test": "64.00",
  "Estradiol (E2) Test": "499.00",
  "Factor V Leiden Test": "3973.00",
  "Ferritin Test": "552.00",
  "FNAC Test": "716.00",
  "Folic Acid Test": "675.00",
  "FSH (Follicle Stimulating Hormone) Test": "410.00",
  "Fungal Culture Test": "245.00",
  "G6PD Test": "352.00",
  "Gallium Scan": "21293.00",
  "Gamma GT (GGTP) Test": "205.00",
  "Globulin / AG Ratio": "146.00",
  "Globulin Test": "98.00",
  "Glucose Tolerance Test (GTT)": "238.00",
  "Gram Stain Test": "154.00",
  "HbA1C Test": "399.00",
  "HBeAb (Hepatitis B Antibody)": "610.00",
  "HBsAg Test": "200.00",
  "HCV Antibody Test": "470.00",
  "HDL Cholesterol": "145.00",
  "Helicobacter Pylori Test": "2030.00",
  "Hemoglobin (Hb) Test": "53.00",
  "Hemoglobin Electrophoresis": "659.00",
  "Hepatitis A Test": "985.00",
  "Hepatitis E Test": "1027.00",
  "Herpes Simplex Virus (HSV) Test": "700.00",
  "HGH Test": "690.00",
  "HIDA Scan": "4575.00",
  "HIV Test": "368.00",
  "HLA B27 Test": "1877.00",
  "Homocysteine Test": "1070.00",
  "HSG Test": "2668.00",
  "Insulin Test": "627.00",
  "Iron Test": "385.00",
  "Karyotype Test": "1105",
  "Kidney / Renal Function Test": "655.00",
  "L. E. Cells Test": "344.00",
  "LDH (Lactate Dehydrogenase) Test": "255.00",
  "LDL Cholesterol": "181.00",
  "LH (Luteinizing Hormone) Test": "388.00",
  "Lipase Test": "316.00",
  "Lipid Profile": "504.00",
  "Lipoprotein A / LP(a) Test": "747.00",
  "Lithium Test": "278.00",
  "Liver Function Test (LFT)": "655.00",
  "Lupus Anticoagulant (LAC) Test": "1403.00",
  "Magnesium Test": "271.00",
  "Malaria (Malarial Parasite) Test": "194.00",
  "Mammography": "1705.00",
  "Mantoux Test": "92.00",
  "MIBG Scan": "15375.00",
  "Microalbumin Test": "296.00",
  "Microfilaria Parasite Test": "363.00",
  "MRI Scan": "6320.00",
  "MUGA Scan": "5300.00",
  "Nerve Conduction Velocity (NCV)": "2910.00",
  "No Test": "1105",
  "NT Scan": "1335.00",
  "PAP Smear": "575.00",
  "Paratyphi Test": "180.00",
  "PCV (Packed Cell Volume) Test": "115.00",
  "Peripheral Blood Smear Test": "350.00",
  "PET-CT Scan": "19500.00",
  "Phosphorus Test": "149.00",
  "Plasma Lactate (Lactic Acid) Test": "1076.00",
  "Platelet Count": "105.00",
  "Pleural Fluid Analysis": "403.00",
  "Potassium Test": "111.00",
  "Pregnancy Test": "109.00",
  "Progesterone Test": "483.00",
  "Prolactin Test": "441.00",
  "Protein Test": "179.00",
  "Protein/Creatinine Ratio": "290.00",
  "PSA (Prostate Specific Antigen) Test": "565.00",
  "PT (Prothrombin Time) Test": "231.00",
  "PTH (Parathyroid Hormone) Test": "955.00",
  "Pulmonary Function Test (PFT)": "840.00",
  "Renal Profile": "726.00",
  "Renal Scan / Kidney Scan": "3900.00",
  "Reticulocyte Count Test": "111.00",
  "Rheumatoid Arthritis (RA) Factor Test": "247.00",
  "Rubella Test": "523.00",
  "Semen Analysis Test": "157.00",
  "Sex Hormone Test": "1490.00",
  "SGOT Test": "99.00",
  "SGPT Test": "99.00",
  "Sickling Test": "358.00",
  "Sodium Test": "129.00",
  "Sonography (Ultrasound / USG)": "720.00",
  "Sonomamography / Sonomamogram": "1325.00",
  "Sperm DNA Fragmentation": "4750.00",
  "Sputum Culture": "368.00",
  "Sputum Routine Test": "139.00",
  "Stool Culture": "316.00",
  "Stool Routine": "104.00",
  "Stress Echo Test": "3017.00",
  "Stress Test (TMT)": "885.00",
  "Swine Flu Test (H1N1)": "3260.00",
  "Synovial Fluid Analysis": "960.00",
  "T3 (Triiodothyronine) Test": "178.00",
  "T4 (Thyroxine) Test": "178.00",
  "TB Test": "2445.00",
  "Testosterone Test": "643.00",
  "Thallium Scan": "10625.00",
  "Thyroglobulin Test": "892.00",
  "Thyroid Scan": "1800.00",
  "Thyroid Test": "471.00",
  "TORCH Test": "2035.00",
  "Total Protein Test": "145.00",
  "Toxoplasma Test": "718.00",
  "Transferrin Test": "808.00",
  "Triglycerides Test": "149.00",
  "Triple Marker Test": "2218.00",
  "Troponin-I Test": "795.00",
  "TSH (Thyroid Stimulating Hormone) Test": "194.00",
  "Typhidot Test": "340.00",
  "Urea Test": "107.00",
  "Uric Acid Test": "99.00",
  "Urine Culture": "500.00",
  "Urine Routine": "80.00",
  "Valproic Acid": "795.00",
  "VDRL Test": "102.00",
  "Vitamin A Test": "1673.00",
  "Vitamin B12 Test": "1000.00",
  "Vitamin C Test": "2315.00",
  "Vitamin D Test": "1348.00",
  "Vitamin E Test": "1115.00",
  "VLDL Test": "125.00",
  "VQ Scan (Lung Ventilation and Lung Perfusion Scan)": "7450.00",
  "Widal Test": "97.00",
  "X-Ray": "295.00"
}
